,Title,Author,ID,Created,Original_Title,Without_stopwords,Lemmatized_Words,Pos_tags,Cluster,PCA1,PCA2
0,"['apple', 'vision', 'pro', 'has', 'ruined', 'movies', 'for', 'me']",Old_Possible8977,1an21fb,2024-02-09 23:34:09,Apple Vision Pro has ruined movies for me,"['apple', 'vision', 'pro', 'ruined', 'movies']","['apple', 'vision', 'pro', 'ruined', 'movies']","[('[', 'JJ'), (""'apple"", 'NNP'), (""'"", 'POS'), (',', ','), (""'vision"", 'NN'), (""'"", ""''""), (',', ','), (""'pro"", 'NNP'), (""'"", 'POS'), (',', ','), (""'ruined"", 'VBD'), (""'"", ""''""), (',', ','), (""'movies"", 'NNS'), (""'"", 'POS'), (']', 'NN')]",2,0.5469797875435832,-0.06628612503785344
1,"['its', 'too', 'expensive', 'no', 'regrets']",McNerdsAlot,1akdyzo,2024-02-06 16:35:52,It’s too expensive. No regrets.,"['expensive', 'regrets']","['expensive', 'regrets']","[('[', 'RB'), (""'expensive"", 'JJ'), (""'"", ""''""), (',', ','), (""'regrets"", 'NNS'), (""'"", 'POS'), (']', 'NN')]",0,-0.11499567337491727,-0.03187267591712545
2,"['how', 'to', 'ruin', 'your', 'movie', 'library']",Mequbbal_Trader,1atvcqx,2024-02-18 14:31:17,How to ruin your movie library,"['ruin', 'movie', 'library']","['ruin', 'movie', 'library']","[('[', 'JJ'), (""'ruin"", 'NNP'), (""'"", 'POS'), (',', ','), (""'movie"", 'NNP'), (""'"", 'POS'), (',', ','), (""'library"", 'NNP'), (""'"", 'POS'), (']', 'NN')]",0,-0.11499567337491873,-0.0318726759171257
3,"['i', 'was', 'really', 'wrong', 'about', 'the', 'avp', 'this', 'is', 'the', 'most', 'incredible', 'piece', 'of', 'tech', 'ive', 'ever', 'used']",AppleBottmBeans,1amtycf,2024-02-09 17:45:25,I was REALLY wrong about the AVP. This is the most incredible piece of tech I've ever used,"['really', 'wrong', 'avp', 'incredible', 'piece', 'tech', 'ive', 'ever', 'used']","['really', 'wrong', 'avp', 'incredible', 'piece', 'tech', 'ive', 'ever', 'used']","[('[', 'RB'), (""'really"", 'RB'), (""'"", ""''""), (',', ','), (""'wrong"", 'NNP'), (""'"", 'POS'), (',', ','), (""'avp"", 'NNP'), (""'"", 'POS'), (',', ','), (""'incredible"", 'JJ'), (""'"", ""''""), (',', ','), (""'piece"", 'NNP'), (""'"", 'POS'), (',', ','), (""'tech"", ""''""), (""'"", ""''""), (',', ','), (""'ive"", 'CD'), (""'"", ""''""), (',', ','), (""'ever"", ""''""), (""'"", ""''""), (',', ','), (""'used"", 'VBD'), (""'"", 'POS'), (']', 'NN')]",0,-0.17826135574077448,-0.1254009839759
4,"['apple', 'vision', 'pro', 'is', 'the', 'best', 'thing', 'to', 'happen', 'to', 'movies', 'since', 'popcorn']",Deathtosnoopy,1b2jq3m,2024-02-28 22:35:12,Apple vision pro is the best thing to happen to movies since popcorn,"['apple', 'vision', 'pro', 'best', 'thing', 'happen', 'movies', 'since', 'popcorn']","['apple', 'vision', 'pro', 'best', 'thing', 'happen', 'movies', 'since', 'popcorn']","[('[', 'JJ'), (""'apple"", 'NNP'), (""'"", 'POS'), (',', ','), (""'vision"", 'NN'), (""'"", ""''""), (',', ','), (""'pro"", 'NNP'), (""'"", 'POS'), (',', ','), (""'best"", 'JJS'), (""'"", ""''""), (',', ','), (""'thing"", 'VBG'), (""'"", ""''""), (',', ','), (""'happen"", 'NNP'), (""'"", 'POS'), (',', ','), (""'movies"", 'NNS'), (""'"", 'POS'), (',', ','), (""'since"", 'NN'), (""'"", ""''""), (',', ','), (""'popcorn"", ""''""), (""'"", 'POS'), (']', 'NN')]",2,0.3939356189874735,-0.019660350772557903
5,"['just', 'posting', 'to', 'say', 'i', 'have', 'had', 'the', 'vision', 'pro', 'since', 'launch', 'and', 'im', 'keeping', 'it']",emtiv676,1aq2blo,2024-02-13 19:36:00,Just posting to say I have had the Vision Pro since launch and I’m keeping it.,"['posting', 'say', 'vision', 'pro', 'since', 'launch', 'im', 'keeping']","['posting', 'say', 'vision', 'pro', 'since', 'launch', 'im', 'keeping']","[('[', 'RB'), (""'posting"", 'VBG'), (""'"", ""''""), (',', ','), (""'say"", 'NNP'), (""'"", 'POS'), (',', ','), (""'vision"", 'NN'), (""'"", ""''""), (',', ','), (""'pro"", 'NNP'), (""'"", 'POS'), (',', ','), (""'since"", 'NN'), (""'"", ""''""), (',', ','), (""'launch"", ""''""), (""'"", ""''""), (',', ','), (""'im"", 'NNP'), (""'"", 'POS'), (',', ','), (""'keeping"", 'VBG'), (""'"", ""''""), (']', 'NN')]",1,0.2595498559745289,0.6197392133516995
6,"['breaking', 'news', 'local', 'man', 'paralyzed', 'by', 'indecision', 'seeks', 'approval', 'from', 'internet', 'strangers', 'on', 'apple', 'vision', 'pro', 'dilemma']",I-Have-Mono,1ayhede,2024-02-24 01:02:16,"Breaking News: Local Man Paralyzed by Indecision, Seeks Approval from Internet Strangers on Apple Vision Pro Dilemma","['breaking', 'news', 'local', 'man', 'paralyzed', 'indecision', 'seeks', 'approval', 'internet', 'strangers', 'apple', 'vision', 'pro', 'dilemma']","['breaking', 'news', 'local', 'man', 'paralyzed', 'indecision', 'seeks', 'approval', 'internet', 'strangers', 'apple', 'vision', 'pro', 'dilemma']","[('[', 'RB'), (""'breaking"", 'VBG'), (""'"", ""''""), (',', ','), (""'news"", 'NNS'), (""'"", 'POS'), (',', ','), (""'local"", 'JJ'), (""'"", ""''""), (',', ','), (""'man"", 'NNP'), (""'"", 'POS'), (',', ','), (""'paralyzed"", 'VBN'), (""'"", ""''""), (',', ','), (""'indecision"", 'NNP'), (""'"", 'POS'), (',', ','), (""'seeks"", ""''""), (""'"", ""''""), (',', ','), (""'approval"", ""''""), (""'"", ""''""), (',', ','), (""'internet"", 'NNP'), (""'"", 'POS'), (',', ','), (""'strangers"", 'NNS'), (""'"", 'POS'), (',', ','), (""'apple"", ""''""), (""'"", ""''""), (',', ','), (""'vision"", 'NNP'), (""'"", 'POS'), (',', ','), (""'pro"", 'NNP'), (""'"", 'POS'), (',', ','), (""'dilemma"", ""''""), (""'"", 'POS'), (']', 'NN')]",2,0.22258045825204303,-0.043891514319667466
7,"['absolutely', 'magical', 'no', 'other', 'words', 'for', 'it']",thomaspripley,1ahmtcu,2024-02-03 03:46:26,Absolutely Magical... No Other Words For It,"['absolutely', 'magical', 'words']","['absolutely', 'magical', 'words']","[('[', 'RB'), (""'absolutely"", 'RB'), (""'"", ""''""), (',', ','), (""'magical"", 'JJ'), (""'"", ""''""), (',', ','), (""'words"", 'NNS'), (""'"", 'POS'), (']', 'NN')]",0,-0.11499567337491978,-0.03187267591712634
8,"['forgetting', 'about', 'your', 'own', 'body']",stitchlips17,1axb7he,2024-02-22 16:52:21,Forgetting about your own body? ,"['forgetting', 'body']","['forgetting', 'body']","[('[', 'RB'), (""'forgetting"", 'VBG'), (""'"", ""''""), (',', ','), (""'body"", 'NN'), (""'"", ""''""), (']', 'NN')]",0,-0.11499567337491892,-0.03187267591712615
9,"['imax', 'app']",Old_Possible8977,1asjckf,2024-02-16 20:55:33,IMAX APP,"['imax', 'app']","['imax', 'app']","[('[', 'RB'), (""'imax"", 'NNP'), (""'"", 'POS'), (',', ','), (""'app"", ""''""), (""'"", 'POS'), (']', 'NN')]",0,-0.03624204261903324,-0.10549585647494122
10,"['apple', 'vision', 'pro', 'stolen']",Best_Craft_1282,1ao6dvl,2024-02-11 11:58:45,Apple Vision Pro Stolen,"['apple', 'vision', 'pro', 'stolen']","['apple', 'vision', 'pro', 'stolen']","[('[', 'JJ'), (""'apple"", 'NNP'), (""'"", 'POS'), (',', ','), (""'vision"", 'NN'), (""'"", ""''""), (',', ','), (""'pro"", 'NNP'), (""'"", 'POS'), (',', ','), (""'stolen"", 'NNP'), (""'"", 'POS'), (']', 'NN')]",2,0.584340939444114,-0.04645906808484736
11,"['folks', 'know', 'whats', 'coming', 'right']",Many_Requirement_398,1aur1aq,2024-02-19 16:12:16,"Folks know what’s coming, right?","['folks', 'know', 'whats', 'coming', 'right']","['folks', 'know', 'whats', 'coming', 'right']","[('[', 'JJ'), (""'folks"", 'NNS'), (""'"", 'POS'), (',', ','), (""'know"", 'NNP'), (""'"", 'POS'), (',', ','), (""'whats"", 'NNS'), (""'"", 'POS'), (',', ','), (""'coming"", 'VBG'), (""'"", ""''""), (',', ','), (""'right"", 'VBD'), (""'"", 'POS'), (']', 'NN')]",0,-0.15443025537666916,-0.060491756791538176
12,"['best', 'new', 'product', 'ive', 'ever', 'seen']",Sea_Astronomer_994,1am800c,2024-02-08 22:19:35,Best new product I’ve ever seen,"['best', 'new', 'product', 'ive', 'ever', 'seen']","['best', 'new', 'product', 'ive', 'ever', 'seen']","[('[', 'RB'), (""'best"", 'JJS'), (""'"", ""''""), (',', ','), (""'new"", 'NNP'), (""'"", 'POS'), (',', ','), (""'product"", 'NN'), (""'"", ""''""), (',', ','), (""'ive"", 'CD'), (""'"", ""''""), (',', ','), (""'ever"", ""''""), (""'"", ""''""), (',', ','), (""'seen"", ""''""), (""'"", 'POS'), (']', 'NN')]",0,-0.11493003968417848,-0.11816932740456966
13,"['who', 'is', 'obsessed', 'with', 'the', 'vision', 'pro']",cr8tvt,1b3a9w7,2024-02-29 20:23:09,Who is obsessed with the Vision Pro?,"['obsessed', 'vision', 'pro']","['obsessed', 'vision', 'pro']","[('[', 'NNS'), (""'obsessed"", 'VBD'), (""'"", ""''""), (',', ','), (""'vision"", 'NNP'), (""'"", 'POS'), (',', ','), (""'pro"", 'FW'), (""'"", 'POS'), (']', 'NN')]",2,0.5091649714973977,-0.005422297200290287
14,"['really', 'want', 'to', 'keep', 'it', 'but', 'why']",dennis77,1ay21f7,2024-02-23 14:40:03,"Really want to keep it, but why? ","['really', 'want', 'keep']","['really', 'want', 'keep']","[('[', 'RB'), (""'really"", 'RB'), (""'"", ""''""), (',', ','), (""'want"", 'NNP'), (""'"", 'POS'), (',', ','), (""'keep"", ""''""), (""'"", 'POS'), (']', 'NN')]",0,-0.13046556438156684,-0.0544015968012554
15,"['i', 'just', 'released', 'my', 'first', 'vision', 'pro', 'app', 'sticky', 'vision']",metroidmen,1at8zui,2024-02-17 18:44:01,"I just released my first Vision Pro app, Sticky Vision!","['released', 'first', 'vision', 'pro', 'app', 'sticky', 'vision']","['released', 'first', 'vision', 'pro', 'app', 'sticky', 'vision']","[('[', 'NNS'), (""'released"", 'VBD'), (""'"", ""''""), (',', ','), (""'first"", 'NNP'), (""'"", 'POS'), (',', ','), (""'vision"", 'NN'), (""'"", ""''""), (',', ','), (""'pro"", 'NNP'), (""'"", 'POS'), (',', ','), (""'app"", 'NNP'), (""'"", 'POS'), (',', ','), (""'sticky"", 'NNP'), (""'"", 'POS'), (',', ','), (""'vision"", 'NN'), (""'"", 'POS'), (']', 'NN')]",2,0.4526091349048184,-0.08991666741983509
16,"['the', 'miracles', 'and', 'sins', 'of', 'the', 'avp']",Jbaker318,1b1fsd3,2024-02-27 16:18:10,The 5 Miracles and 5 Sins of the AVP,"['miracles', 'sins', 'avp']","['miracles', 'sins', 'avp']","[('[', 'JJ'), (""'miracles"", 'NNS'), (""'"", 'POS'), (',', ','), (""'sins"", 'NNS'), (""'"", 'POS'), (',', ','), (""'avp"", ""''""), (""'"", 'POS'), (']', 'NN')]",0,-0.16811544580355056,-0.07595515289324986
17,"['multiple', 'displays', 'are', 'coming', 'to', 'avp']",johnycane,1aw2yy6,2024-02-21 04:26:23,Multiple displays are coming to AVP,"['multiple', 'displays', 'coming', 'avp']","['multiple', 'displays', 'coming', 'avp']","[('[', 'JJ'), (""'multiple"", 'NNP'), (""'"", 'POS'), (',', ','), (""'displays"", 'NNS'), (""'"", 'POS'), (',', ','), (""'coming"", 'VBG'), (""'"", ""''""), (',', ','), (""'avp"", ""''""), (""'"", 'POS'), (']', 'NN')]",0,-0.19245364335972465,-0.06552534305890072
18,"['im', 'keeping', 'it']",Fabulous_Sherbet_431,1b476o5,2024-03-01 22:11:10,I'm keeping it,"['im', 'keeping']","['im', 'keeping']","[('[', 'JJ'), (""'im"", 'NNP'), (""'"", 'POS'), (',', ','), (""'keeping"", 'VBG'), (""'"", ""''""), (']', 'NN')]",1,-0.10896307340964365,0.847667234653015
19,"['you', 'know', 'what', 'i', 'mean']",the_DDDom,141q6pm,2023-06-05 20:09:32,You know what I mean,"['know', 'mean']","['know', 'mean']","[('[', 'RB'), (""'know"", 'NNP'), (""'"", 'POS'), (',', ','), (""'mean"", ""''""), (""'"", 'POS'), (']', 'NN')]",0,-0.13653621298620292,-0.04934013695781826
20,"['i', 'just', 'had', 'my', 'mind', 'blown', 'away']",deuceklub,1aq0ld6,2024-02-13 18:27:24,I just had my mind blown away....,"['mind', 'blown', 'away']","['mind', 'blown', 'away']","[('[', 'JJ'), (""'mind"", 'NNP'), (""'"", 'POS'), (',', ','), (""'blown"", ""''""), (""'"", ""''""), (',', ','), (""'away"", 'NNP'), (""'"", 'POS'), (']', 'NN')]",0,-0.1149956733749189,-0.03187267591712626
21,"['its', 'happening', 'over', 'native', 'apps', 'launch', 'for', 'apple', 'vision', 'pro']",SpenceHere,1aggfhi,2024-02-01 17:28:27,It’s happening! Over 600 native apps @ launch for Apple Vision Pro!!,"['happening', 'native', 'apps', 'launch', 'apple', 'vision', 'pro']","['happening', 'native', 'apps', 'launch', 'apple', 'vision', 'pro']","[('[', 'RB'), (""'happening"", 'VBG'), (""'"", ""''""), (',', ','), (""'native"", 'CD'), (""'"", ""''""), (',', ','), (""'apps"", 'NNP'), (""'"", 'POS'), (',', ','), (""'launch"", ""''""), (""'"", ""''""), (',', ','), (""'apple"", ""''""), (""'"", ""''""), (',', ','), (""'vision"", 'NNP'), (""'"", 'POS'), (',', ','), (""'pro"", 'FW'), (""'"", 'POS'), (']', 'NN')]",2,0.40888931817571966,0.03567466068369007
22,"['saw', 'dune', 'in', 'true', 'imax', 'was', 'disappointed']",Old_Possible8977,1b4ijnt,2024-03-02 07:26:41,Saw Dune 2 in true IMAX. Was disappointed.,"['saw', 'dune', 'true', 'imax', 'disappointed']","['saw', 'dune', 'true', 'imax', 'disappointed']","[('[', 'NN'), (""'saw"", 'NNP'), (""'"", 'POS'), (',', ','), (""'dune"", 'NNP'), (""'"", 'POS'), (',', ','), (""'true"", ""''""), (""'"", ""''""), (',', ','), (""'imax"", 'NNP'), (""'"", 'POS'), (',', ','), (""'disappointed"", 'VBD'), (""'"", 'POS'), (']', 'NN')]",0,-0.16077881043977432,-0.10684947750179423
23,"['phenomenal', 'review', 'by', 'david', 'heaney']",VR4EVER,1aszrqj,2024-02-17 11:21:37,Phenomenal review by David Heaney,"['phenomenal', 'review', 'david', 'heaney']","['phenomenal', 'review', 'david', 'heaney']","[('[', 'JJ'), (""'phenomenal"", 'NNP'), (""'"", 'POS'), (',', ','), (""'review"", 'NNP'), (""'"", 'POS'), (',', ','), (""'david"", 'NNP'), (""'"", 'POS'), (',', ','), (""'heaney"", 'NNP'), (""'"", 'POS'), (']', 'NN')]",0,-0.1149956733749189,-0.03187267591712629
24,"['avp', 'was', 'my', 'first', 'apple', 'device', 'ever']",firebird8541154,1ajlhkk,2024-02-05 17:04:51,AVP Was My First Apple Device Ever!,"['avp', 'first', 'apple', 'device', 'ever']","['avp', 'first', 'apple', 'device', 'ever']","[('[', 'JJ'), (""'avp"", 'NNP'), (""'"", 'POS'), (',', ','), (""'first"", 'NNP'), (""'"", 'POS'), (',', ','), (""'apple"", ""''""), (""'"", ""''""), (',', ','), (""'device"", 'NNP'), (""'"", 'POS'), (',', ','), (""'ever"", ""''""), (""'"", 'POS'), (']', 'NN')]",2,-0.0034961404451316824,-0.1685340139971781
25,"['dear', 'tim']",SnooMacarons5173,197rsvv,2024-01-16 02:42:19,"Dear Tim,","['dear', 'tim']","['dear', 'tim']","[('[', 'JJ'), (""'dear"", ""''""), (""'"", 'POS'), (',', ','), (""'tim"", ""''""), (""'"", 'POS'), (']', 'NN')]",0,-0.1149956733749189,-0.03187267591712626
26,"['upvote', 'if', 'your', 'reading', 'this', 'on', 'an', 'avp']",Sad-Sun9414,1b38cs4,2024-02-29 19:05:24,upvote if your reading this on an avp,"['upvote', 'reading', 'avp']","['upvote', 'reading', 'avp']","[('[', 'JJ'), (""'upvote"", 'NNP'), (""'"", 'POS'), (',', ','), (""'reading"", 'VBG'), (""'"", ""''""), (',', ','), (""'avp"", ""''""), (""'"", 'POS'), (']', 'NN')]",0,-0.16811544580355062,-0.07595515289324989
27,"['why', 'it', 'will', 'succeed']",edentel,1ar7ilp,2024-02-15 04:50:20,Why it will succeed,['succeed'],['succeed'],"[('[', 'RB'), (""'succeed"", 'MD'), (""'"", ""''""), (']', 'VB')]",0,-0.1149956733749189,-0.03187267591712625
28,"['decision', 'made', 'im', 'keeping', 'it']",diybudgeting,1aqnepo,2024-02-14 13:54:36,Decision made. I'm keeping it,"['decision', 'made', 'im', 'keeping']","['decision', 'made', 'im', 'keeping']","[('[', 'JJ'), (""'decision"", 'NN'), (""'"", ""''""), (',', ','), (""'made"", ""''""), (""'"", ""''""), (',', ','), (""'im"", 'NNP'), (""'"", 'POS'), (',', ','), (""'keeping"", 'VBG'), (""'"", ""''""), (']', 'NN')]",1,-0.13243214714715826,0.7857175248791076
29,"['ive', 'compiled', 'a', 'list', 'of', 'interesting', 'tidbits', 'and', 'findings', 'from', 'all', 'reviews', 'released', 'today']",NorthernFrostByte,1af69j0,2024-01-31 02:03:28,I've compiled a list of interesting tidbits and findings from all reviews released today,"['ive', 'compiled', 'list', 'interesting', 'tidbits', 'findings', 'reviews', 'released', 'today']","['ive', 'compiled', 'list', 'interesting', 'tidbits', 'findings', 'reviews', 'released', 'today']","[('[', 'RB'), (""'ive"", 'JJ'), (""'"", ""''""), (',', ','), (""'compiled"", 'VBD'), (""'"", ""''""), (',', ','), (""'list"", ""''""), (""'"", ""''""), (',', ','), (""'interesting"", 'VBG'), (""'"", ""''""), (',', ','), (""'tidbits"", 'NNS'), (""'"", 'POS'), (',', ','), (""'findings"", 'NNS'), (""'"", 'POS'), (',', ','), (""'reviews"", 'NNS'), (""'"", 'POS'), (',', ','), (""'released"", 'VBD'), (""'"", ""''""), (',', ','), (""'today"", ""''""), (""'"", 'POS'), (']', 'NN')]",0,-0.11281345811162224,-0.07878257107276695
30,"['splitscreen', 'is', 'available', 'now', 'and', 'lets', 'you', 'add', 'a', 'second', 'mac', 'display', 'to', 'your', 'vision', 'pro']",ineedlesssleep,1b1ddmi,2024-02-27 14:38:17,Splitscreen is available now and lets you add a second Mac display to your Vision Pro!,"['splitscreen', 'available', 'lets', 'add', 'second', 'mac', 'display', 'vision', 'pro']","['splitscreen', 'available', 'lets', 'add', 'second', 'mac', 'display', 'vision', 'pro']","[('[', 'RB'), (""'splitscreen"", 'MD'), (""'"", ""''""), (',', ','), (""'available"", 'JJ'), (""'"", ""''""), (',', ','), (""'lets"", 'NNS'), (""'"", 'POS'), (',', ','), (""'add"", 'NNP'), (""'"", 'POS'), (',', ','), (""'second"", ""''""), (""'"", ""''""), (',', ','), (""'mac"", 'NNP'), (""'"", 'POS'), (',', ','), (""'display"", ""''""), (""'"", ""''""), (',', ','), (""'vision"", 'NNP'), (""'"", 'POS'), (',', ','), (""'pro"", 'FW'), (""'"", 'POS'), (']', 'NN')]",2,0.20559469933600544,-0.01917837558810999
31,"['not', 'telling', 'people', 'that', 'you', 'have', 'it']",LaGrabba,1atztbd,2024-02-18 17:42:22,Not Telling People That You Have It,"['telling', 'people']","['telling', 'people']","[('[', 'RB'), (""'telling"", 'VBG'), (""'"", ""''""), (',', ','), (""'people"", ""''""), (""'"", 'POS'), (']', 'NN')]",0,-0.11499567337491887,-0.03187267591712627
32,"['small', 'features', 'youve', 'discovered', 'while', 'using', 'apple', 'vision', 'pro']",drusoicy,1ai72ht,2024-02-03 21:43:49,Small Features You’ve Discovered While Using Apple Vision Pro?,"['small', 'features', 'youve', 'discovered', 'using', 'apple', 'vision', 'pro']","['small', 'features', 'youve', 'discovered', 'using', 'apple', 'vision', 'pro']","[('[', 'RB'), (""'small"", 'DT'), (""'"", ""''""), (',', ','), (""'features"", 'NNS'), (""'"", 'POS'), (',', ','), (""'youve"", 'NNP'), (""'"", 'POS'), (',', ','), (""'discovered"", 'VBD'), (""'"", ""''""), (',', ','), (""'using"", 'VBG'), (""'"", ""''""), (',', ','), (""'apple"", ""''""), (""'"", ""''""), (',', ','), (""'vision"", 'NNP'), (""'"", 'POS'), (',', ','), (""'pro"", 'FW'), (""'"", 'POS'), (']', 'NN')]",2,0.3437806321535884,-0.02032605080735796
33,"['please', 'give', 'me', 'a', 'lidar', 'only', 'view', 'so', 'i', 'can', 'sneak', 'around', 'my', 'house', 'at', 'night', 'like', 'some', 'kind', 'of', 'futuristic', 'special', 'forces', 'operator']",hgravesc,195ql7l,2024-01-13 15:35:37,Please give me a LIDAR only view so I can sneak around my house at night like some kind of futuristic special forces operator.,"['please', 'give', 'lidar', 'view', 'sneak', 'around', 'house', 'night', 'like', 'kind', 'futuristic', 'special', 'forces', 'operator']","['please', 'give', 'lidar', 'view', 'sneak', 'around', 'house', 'night', 'like', 'kind', 'futuristic', 'special', 'forces', 'operator']","[('[', 'JJ'), (""'please"", 'NNP'), (""'"", 'POS'), (',', ','), (""'give"", 'CD'), (""'"", ""''""), (',', ','), (""'lidar"", 'NNP'), (""'"", 'POS'), (',', ','), (""'view"", 'NNP'), (""'"", 'POS'), (',', ','), (""'sneak"", 'NNP'), (""'"", 'POS'), (',', ','), (""'around"", 'IN'), (""'"", ""''""), (',', ','), (""'house"", 'IN'), (""'"", ""''""), (',', ','), (""'night"", 'NNP'), (""'"", 'POS'), (',', ','), (""'like"", 'IN'), (""'"", ""''""), (',', ','), (""'kind"", 'IN'), (""'"", ""''""), (',', ','), (""'futuristic"", 'JJ'), (""'"", ""''""), (',', ','), (""'special"", 'NNP'), (""'"", 'POS'), (',', ','), (""'forces"", 'NNS'), (""'"", 'POS'), (',', ','), (""'operator"", 'NNP'), (""'"", 'POS'), (']', 'NN')]",0,-0.12483509013294139,-0.015912844796476852
34,"['what', 'have', 'been', 'your', 'best', 'd', 'movies', 'so', 'far']",PsychManMagicHead,1azv4k6,2024-02-25 18:34:27,What have been your best 3D movies so far?,"['best', 'movies', 'far']","['best', 'movies', 'far']","[('[', 'RB'), (""'best"", 'JJS'), (""'"", ""''""), (',', ','), (""'movies"", 'NNS'), (""'"", 'POS'), (',', ','), (""'far"", ""''""), (""'"", 'POS'), (']', 'NN')]",0,0.01874891636313738,-0.08214154466167835
35,"['i', 'feel', 'like', 'tony', 'starks', 'every', 'time', 'im', 'using', 'my', 'avp']",cr8tvt,1au6ijr,2024-02-18 22:12:52,I feel like Tony Starks every time I’m using my AVP.  ,"['feel', 'like', 'tony', 'starks', 'every', 'time', 'im', 'using', 'avp']","['feel', 'like', 'tony', 'starks', 'every', 'time', 'im', 'using', 'avp']","[('[', 'JJ'), (""'feel"", 'NNP'), (""'"", 'POS'), (',', ','), (""'like"", 'IN'), (""'"", ""''""), (',', ','), (""'tony"", 'NNP'), (""'"", 'POS'), (',', ','), (""'starks"", 'NNS'), (""'"", 'POS'), (',', ','), (""'every"", 'NNP'), (""'"", 'POS'), (',', ','), (""'time"", 'NNP'), (""'"", 'POS'), (',', ','), (""'im"", 'NNP'), (""'"", 'POS'), (',', ','), (""'using"", 'VBG'), (""'"", ""''""), (',', ','), (""'avp"", ""''""), (""'"", 'POS'), (']', 'NN')]",1,-0.14667524178654,0.24397795695385624
36,"['why', 'does', 'the', 'vision', 'pro', 'have', 'no', 'games', 'heres', 'why']",YomKippor,1atigll,2024-02-18 01:44:31,Why does the Vision Pro have no games? Here's why!,"['vision', 'pro', 'games', 'heres']","['vision', 'pro', 'games', 'heres']","[('[', 'JJ'), (""'vision"", 'NN'), (""'"", ""''""), (',', ','), (""'pro"", 'NNP'), (""'"", 'POS'), (',', ','), (""'games"", 'NNS'), (""'"", 'POS'), (',', ','), (""'heres"", 'NNS'), (""'"", 'POS'), (']', 'NN')]",2,0.4019999357490088,-0.010346301061709714
37,"['your', 'wishlist', 'for', 'nearfuture', 'visionos', 'updates']",Zestyclose_Isopod_75,1ay45fb,2024-02-23 16:04:53,Your wishlist for near-future VisionOS Updates?,"['wishlist', 'nearfuture', 'visionos', 'updates']","['wishlist', 'nearfuture', 'visionos', 'updates']","[('[', 'JJ'), (""'wishlist"", 'NN'), (""'"", ""''""), (',', ','), (""'nearfuture"", 'NN'), (""'"", ""''""), (',', ','), (""'visionos"", ""''""), (""'"", ""''""), (',', ','), (""'updates"", 'VBZ'), (""'"", 'POS'), (']', 'NN')]",0,-0.1149956733749189,-0.03187267591712627
38,['disappointed'],outhighking,1ahe2fr,2024-02-02 20:58:17,Disappointed,['disappointed'],['disappointed'],"[('[', 'RB'), (""'disappointed"", 'VBN'), (""'"", ""''""), (']', 'NNS')]",0,-0.14899847580199063,-0.07865348196762072
39,"['feb', 'nd', 'is', 'christmas', 'for', 'all', 'of', 'us']",cr8tvt,19bo7xo,2024-01-20 22:48:50,Feb 2nd is Christmas for all of us.,"['feb', 'nd', 'christmas', 'us']","['feb', 'nd', 'christmas', 'us']","[('[', 'JJ'), (""'feb"", 'NNP'), (""'"", 'POS'), (',', ','), (""'nd"", 'NNP'), (""'"", 'POS'), (',', ','), (""'christmas"", ""''""), (""'"", ""''""), (',', ','), (""'us"", ""''""), (""'"", 'POS'), (']', 'NN')]",0,-0.1149956733749189,-0.03187267591712624
40,"['what', 'cant', 'you', 'do', 'with', 'vision', 'pro']",camerusa,1aztzu4,2024-02-25 17:49:48,What can’t you do with Vision Pro?,"['cant', 'vision', 'pro']","['cant', 'vision', 'pro']","[('[', 'NN'), (""'cant"", ""''""), (""'"", ""''""), (',', ','), (""'vision"", 'NNP'), (""'"", 'POS'), (',', ','), (""'pro"", 'FW'), (""'"", 'POS'), (']', 'NN')]",2,0.5091649714973976,-0.005422297200290285
41,"['who', 'else', 'wore', 'it', 'basically', 'the', 'whole', 'saturday']",tomorrowlandman,1aiqr1p,2024-02-04 15:44:46,Who else wore it? basically the whole Saturday?,"['else', 'wore', 'basically', 'whole', 'saturday']","['else', 'wore', 'basically', 'whole', 'saturday']","[('[', 'NN'), (""'else"", ""''""), (""'"", ""''""), (',', ','), (""'wore"", ""''""), (""'"", ""''""), (',', ','), (""'basically"", 'RB'), (""'"", 'POS'), (',', ','), (""'whole"", 'NNP'), (""'"", 'POS'), (',', ','), (""'saturday"", ""''""), (""'"", 'POS'), (']', 'NN')]",0,-0.11499567337491892,-0.031872675917126204
42,"['kuo', 'estimates', 'apple', 'sold', 'vision', 'pro', 'units', 'during', 'opening', 'preorder', 'weekend']",nickg52200,19cnagz,2024-01-22 04:32:52,"Kuo: Estimates Apple sold 160,000-180,000 Vision Pro units during opening pre-order weekend","['kuo', 'estimates', 'apple', 'sold', 'vision', 'pro', 'units', 'opening', 'preorder', 'weekend']","['kuo', 'estimates', 'apple', 'sold', 'vision', 'pro', 'units', 'opening', 'preorder', 'weekend']","[('[', 'JJ'), (""'kuo"", 'NNP'), (""'"", 'POS'), (',', ','), (""'estimates"", 'NNS'), (""'"", 'POS'), (',', ','), (""'apple"", ""''""), (""'"", ""''""), (',', ','), (""'sold"", ""''""), (""'"", ""''""), (',', ','), (""'vision"", 'NNP'), (""'"", 'POS'), (',', ','), (""'pro"", 'NNP'), (""'"", 'POS'), (',', ','), (""'units"", 'NNS'), (""'"", 'POS'), (',', ','), (""'opening"", 'VBG'), (""'"", ""''""), (',', ','), (""'preorder"", ""''""), (""'"", ""''""), (',', ','), (""'weekend"", 'VBP'), (""'"", 'POS'), (']', 'NN')]",2,0.2913221879281841,-0.04534681723486838
43,"['that', 'was', 'painless']",rhebdon,19ainha,2024-01-19 13:05:40,That was painless,['painless'],['painless'],"[('[', 'JJ'), (""'painless"", 'NNP'), (""'"", 'POS'), (']', 'NN')]",0,-0.11499567337491887,-0.03187267591712627
44,"['comment', 'for', 'those', 'with', 'young', 'kids', 'or', 'soon', 'to', 'be', 'parents']",WANDO43,1b3wxon,2024-03-01 15:26:24,Comment for those with young kids or soon to be parents:,"['comment', 'young', 'kids', 'soon', 'parents']","['comment', 'young', 'kids', 'soon', 'parents']","[('[', 'JJ'), (""'comment"", 'NN'), (""'"", ""''""), (',', ','), (""'young"", 'NNP'), (""'"", 'POS'), (',', ','), (""'kids"", 'NNS'), (""'"", 'POS'), (',', ','), (""'soon"", ""''""), (""'"", ""''""), (',', ','), (""'parents"", 'NNS'), (""'"", 'POS'), (']', 'NN')]",0,-0.11499567337491892,-0.03187267591712625
45,"['it', 'would', 'be', 'so', 'cool', 'to', 'have', 'immersion', 'environment', 'under', 'the', 'ocean']",cr8tvt,1aq6b5h,2024-02-13 22:18:36,It would be so cool to have immersion environment under the ocean.,"['would', 'cool', 'immersion', 'environment', 'ocean']","['would', 'cool', 'immersion', 'environment', 'ocean']","[('[', 'NN'), (""'would"", 'MD'), (""'"", ""''""), (',', ','), (""'cool"", 'NNP'), (""'"", 'POS'), (',', ','), (""'immersion"", 'NN'), (""'"", ""''""), (',', ','), (""'environment"", 'NNP'), (""'"", 'POS'), (',', ','), (""'ocean"", ""''""), (""'"", 'POS'), (']', 'NN')]",0,-0.11499567337491892,-0.031872675917126225
46,"['no', 'multiple', 'profile', 'support', 'is', 'a', 'seriously', 'flawed', 'decision']",super-ratman,1ai4re3,2024-02-03 20:01:56,No multiple profile support is a seriously flawed decision,"['multiple', 'profile', 'support', 'seriously', 'flawed', 'decision']","['multiple', 'profile', 'support', 'seriously', 'flawed', 'decision']","[('[', 'JJ'), (""'multiple"", 'NNP'), (""'"", 'POS'), (',', ','), (""'profile"", 'IN'), (""'"", ""''""), (',', ','), (""'support"", 'NNP'), (""'"", 'POS'), (',', ','), (""'seriously"", 'RB'), (""'"", ""''""), (',', ','), (""'flawed"", 'VBD'), (""'"", ""''""), (',', ','), (""'decision"", 'NNP'), (""'"", 'POS'), (']', 'NN')]",0,-0.14622023788461389,0.11140610282105323
47,"['wow', 'this', 'is', 'the', 'future']",AttornityLeave,1atd31o,2024-02-17 21:39:03,...WOW. This is the future!,"['wow', 'future']","['wow', 'future']","[('[', 'JJ'), (""'wow"", 'NNP'), (""'"", 'POS'), (',', ','), (""'future"", 'NN'), (""'"", 'POS'), (']', 'NN')]",0,-0.13037130311679784,-0.03593459206162582
48,"['guest', 'mode', 'sucks', 'we', 'need', 'true', 'multi', 'user', 'ability']",tangoshukudai,1ajjxc5,2024-02-05 16:01:25,"Guest mode sucks, we need true multi user ability.","['guest', 'mode', 'sucks', 'need', 'true', 'multi', 'user', 'ability']","['guest', 'mode', 'sucks', 'need', 'true', 'multi', 'user', 'ability']","[('[', 'RB'), (""'guest"", 'JJS'), (""'"", ""''""), (',', ','), (""'mode"", 'NNP'), (""'"", 'POS'), (',', ','), (""'sucks"", 'NNS'), (""'"", 'POS'), (',', ','), (""'need"", ""''""), (""'"", ""''""), (',', ','), (""'true"", ""''""), (""'"", ""''""), (',', ','), (""'multi"", 'NNP'), (""'"", 'POS'), (',', ','), (""'user"", 'NNP'), (""'"", 'POS'), (',', ','), (""'ability"", 'NNP'), (""'"", 'POS'), (']', 'NN')]",0,-0.1260356153416142,-0.047061347058582365
49,"['huge', 'safari', 'update']",Old_Possible8977,1as51u2,2024-02-16 10:01:31,HUGE SAFARI UPDATE!,"['huge', 'safari', 'update']","['huge', 'safari', 'update']","[('[', 'RB'), (""'huge"", 'MD'), (""'"", ""''""), (',', ','), (""'safari"", 'NNP'), (""'"", 'POS'), (',', ','), (""'update"", 'NNP'), (""'"", 'POS'), (']', 'NN')]",0,-0.11499567337491899,-0.03187267591712625
50,"['is', 'anyone', 'finding', 'theyre', 'dreaming', 'more']",kongtaili,1b3wiat,2024-03-01 15:08:12,Is anyone finding they’re dreaming more?,"['anyone', 'finding', 'theyre', 'dreaming']","['anyone', 'finding', 'theyre', 'dreaming']","[('[', 'RB'), (""'anyone"", 'CD'), (""'"", ""''""), (',', ','), (""'finding"", 'VBG'), (""'"", ""''""), (',', ','), (""'theyre"", 'NNP'), (""'"", 'POS'), (',', ','), (""'dreaming"", 'VBG'), (""'"", ""''""), (']', 'NN')]",0,-0.11499567337491892,-0.03187267591712536
51,"['vision', 'pro', 'app', 'development', 'goes', 'hard']",TomatilloSorry9784,1ana8ji,2024-02-10 06:47:56,Vision Pro app development goes hard.,"['vision', 'pro', 'app', 'development', 'goes', 'hard']","['vision', 'pro', 'app', 'development', 'goes', 'hard']","[('[', 'JJ'), (""'vision"", 'NN'), (""'"", ""''""), (',', ','), (""'pro"", 'NNP'), (""'"", 'POS'), (',', ','), (""'app"", 'NNP'), (""'"", 'POS'), (',', ','), (""'development"", 'NNP'), (""'"", 'POS'), (',', ','), (""'goes"", 'NNS'), (""'"", 'POS'), (',', ','), (""'hard"", 'NNP'), (""'"", 'POS'), (']', 'NN')]",2,0.329247092792783,-0.05370619203159974
52,"['this', 'feels', 'like', 'the', 'start', 'of', 'a', 'technodystopian', 'cyberpunk', 'future', 'but', 'shut', 'up', 'and', 'take', 'my']",MishyJari,141pk0f,2023-06-05 19:48:41,"This feels like the start of a techno-dystopian cyberpunk future, but shut up and take my $3499.","['feels', 'like', 'start', 'technodystopian', 'cyberpunk', 'future', 'shut', 'take']","['feels', 'like', 'start', 'technodystopian', 'cyberpunk', 'future', 'shut', 'take']","[('[', 'JJ'), (""'feels"", 'NNS'), (""'"", 'POS'), (',', ','), (""'like"", 'IN'), (""'"", ""''""), (',', ','), (""'start"", 'NNP'), (""'"", 'POS'), (',', ','), (""'technodystopian"", 'JJ'), (""'"", ""''""), (',', ','), (""'cyberpunk"", 'NNP'), (""'"", 'POS'), (',', ','), (""'future"", 'NN'), (""'"", ""''""), (',', ','), (""'shut"", 'NNP'), (""'"", 'POS'), (',', ','), (""'take"", 'VBP'), (""'"", 'POS'), (']', 'NN')]",0,-0.1403318809529153,-0.017907913609750168
53,"['demo', 'was', 'amazing']",Disastrous_Cup8248,1ah668e,2024-02-02 15:21:50,Demo was amazing!!!!!,"['demo', 'amazing']","['demo', 'amazing']","[('[', 'JJ'), (""'demo"", 'NNP'), (""'"", 'POS'), (',', ','), (""'amazing"", 'VBG'), (""'"", ""''""), (']', 'NN')]",0,-0.1149956733749189,-0.03187267591712619
54,['beta'],schristo43,1aq4y10,2024-02-13 21:22:18,1.1 Beta 2,['beta'],['beta'],"[('[', 'JJ'), (""'beta"", 'POS'), (""'"", 'POS'), (']', 'NN')]",0,-0.11499567337491894,-0.03187267591712625
55,"['lack', 'of', 'immersive', 'content']",Impressive-Maize1035,1ap8mhy,2024-02-12 19:32:59,Lack of Immersive Content,"['lack', 'immersive', 'content']","['lack', 'immersive', 'content']","[('[', 'JJ'), (""'lack"", 'NNP'), (""'"", 'POS'), (',', ','), (""'immersive"", 'CD'), (""'"", ""''""), (',', ','), (""'content"", 'NNP'), (""'"", 'POS'), (']', 'NN')]",0,-0.1149956733749189,-0.031872675917126274
56,"['first', 'meme']",bigfatimac,141o2o6,2023-06-05 18:45:41,First meme,"['first', 'meme']","['first', 'meme']","[('[', 'RB'), (""'first"", 'NNP'), (""'"", 'POS'), (',', ','), (""'meme"", ""''""), (""'"", 'POS'), (']', 'NN')]",0,-0.05977159571370452,-0.10567075153956716
57,"['after', 'watching', 'reviews']",DarthChiropractus,1aet1gn,2024-01-30 16:52:08,After watching reviews…,"['watching', 'reviews']","['watching', 'reviews']","[('[', 'RB'), (""'watching"", 'VBG'), (""'"", ""''""), (',', ','), (""'reviews"", 'NNS'), (""'"", 'POS'), (']', 'NN')]",0,-0.12673063031186657,-0.04883792088819341
58,"['got', 'one']",ThePoopyMonster,19aim60,2024-01-19 13:03:37,Got one!,"['got', 'one']","['got', 'one']","[('[', 'NN'), (""'got"", ""''""), (""'"", ""''""), (',', ','), (""'one"", 'CD'), (""'"", 'POS'), (']', 'NN')]",0,-0.1149956733749189,-0.031872675917126274
59,"['how', 'many', 'of', 'you', 'were', 'on', 'the', 'fence', 'about', 'purchasing', 'and', 'did', 'not', 'return', 'it']",jimmy9120,1azpufj,2024-02-25 14:59:02,How many of you were “on the fence” about purchasing and did not return it?,"['many', 'fence', 'purchasing', 'return']","['many', 'fence', 'purchasing', 'return']","[('[', 'RB'), (""'many"", 'MD'), (""'"", ""''""), (',', ','), (""'fence"", 'NNP'), (""'"", 'POS'), (',', ','), (""'purchasing"", 'VBG'), (""'"", ""''""), (',', ','), (""'return"", 'NNP'), (""'"", 'POS'), (']', 'NN')]",0,-0.11499567337491892,-0.031872675917126274
